1.jpg,1.jpg,1
1.jpg,2.jpg,1
1.jpg,10.jpg,1
1.jpg,3.jpg,1
1.jpg,16.jpg,1
1.jpg,17.jpg,1
1.jpg,18.jpg,1
1.jpg,23.jpg,1
1.jpg,24.jpg,1
1.jpg,25.jpg,1
1.jpg,26.jpg,1
1.jpg,27.jpg,1
1.jpg,28.jpg,1
1.jpg,9.jpg,1
1.jpg,22.jpg,1
1.jpg,4.jpg,0
1.jpg,5.jpg,0
1.jpg,6.jpg,0
1.jpg,7.jpg,0
1.jpg,8.jpg,0
1.jpg,11.jpg,0
1.jpg,12.jpg,0
1.jpg,14.jpg,0
1.jpg,15.jpg,0
1.jpg,19.jpg,0
1.jpg,20.jpg,0
1.jpg,21.jpg,0
1.jpg,29.jpg,0
1.jpg,30.jpg,0
1.jpg,31.jpg,0
1.jpg,32.jpg,0
1.jpg,33.jpg,0
1.jpg,34.jpg,0
1.jpg,35.jpg,0
1.jpg,36.jpg,0
1.jpg,37.jpg,0
1.jpg,38.jpg,0
1.jpg,39.jpg,0
1.jpg,40.jpg,0
1.jpg,41.jpg,0
1.jpg,42.jpg,0
1.jpg,13.jpg,0
2.jpg,2.jpg,1
2.jpg,1.jpg,1
2.jpg,3.jpg,1
2.jpg,4.jpg,1
2.jpg,10.jpg,1
2.jpg,16.jpg,1
2.jpg,17.jpg,1
2.jpg,18.jpg,1
2.jpg,23.jpg,1
2.jpg,24.jpg,1
2.jpg,25.jpg,1
2.jpg,27.jpg,1
2.jpg,28.jpg,1
2.jpg,11.jpg,1
2.jpg,13.jpg,1
2.jpg,26.jpg,1
2.jpg,5.jpg,0
2.jpg,6.jpg,0
2.jpg,7.jpg,0
2.jpg,8.jpg,0
2.jpg,9.jpg,0
2.jpg,12.jpg,0
2.jpg,14.jpg,0
2.jpg,15.jpg,0
2.jpg,19.jpg,0
2.jpg,20.jpg,0
2.jpg,21.jpg,0
2.jpg,22.jpg,0
2.jpg,29.jpg,0
2.jpg,30.jpg,0
2.jpg,31.jpg,0
2.jpg,32.jpg,0
2.jpg,33.jpg,0
2.jpg,34.jpg,0
2.jpg,35.jpg,0
2.jpg,36.jpg,0
2.jpg,37.jpg,0
2.jpg,38.jpg,0
2.jpg,39.jpg,0
2.jpg,40.jpg,0
2.jpg,41.jpg,0
2.jpg,42.jpg,0
3.jpg,3.jpg,1
3.jpg,1.jpg,1
3.jpg,2.jpg,1
3.jpg,4.jpg,1
3.jpg,11.jpg,1
3.jpg,13.jpg,1
3.jpg,17.jpg,1
3.jpg,18.jpg,1
3.jpg,5.jpg,0
3.jpg,6.jpg,0
3.jpg,7.jpg,0
3.jpg,8.jpg,0
3.jpg,9.jpg,0
3.jpg,10.jpg,0
3.jpg,12.jpg,0
3.jpg,15.jpg,0
3.jpg,16.jpg,0
3.jpg,19.jpg,0
3.jpg,20.jpg,0
3.jpg,21.jpg,0
3.jpg,22.jpg,0
3.jpg,23.jpg,0
3.jpg,26.jpg,0
3.jpg,27.jpg,0
3.jpg,29.jpg,0
3.jpg,30.jpg,0
3.jpg,31.jpg,0
3.jpg,32.jpg,0
3.jpg,33.jpg,0
3.jpg,34.jpg,0
3.jpg,35.jpg,0
3.jpg,36.jpg,0
3.jpg,37.jpg,0
3.jpg,38.jpg,0
3.jpg,39.jpg,0
3.jpg,40.jpg,0
3.jpg,41.jpg,0
3.jpg,42.jpg,0
3.jpg,14.jpg,0
3.jpg,24.jpg,0
3.jpg,25.jpg,0
3.jpg,28.jpg,0
4.jpg,4.jpg,1
4.jpg,11.jpg,1
4.jpg,2.jpg,1
4.jpg,3.jpg,1
4.jpg,13.jpg,1
4.jpg,14.jpg,1
4.jpg,1.jpg,0
4.jpg,5.jpg,0
4.jpg,6.jpg,0
4.jpg,7.jpg,0
4.jpg,8.jpg,0
4.jpg,9.jpg,0
4.jpg,10.jpg,0
4.jpg,15.jpg,0
4.jpg,16.jpg,0
4.jpg,17.jpg,0
4.jpg,19.jpg,0
4.jpg,20.jpg,0
4.jpg,21.jpg,0
4.jpg,22.jpg,0
4.jpg,23.jpg,0
4.jpg,24.jpg,0
4.jpg,25.jpg,0
4.jpg,26.jpg,0
4.jpg,27.jpg,0
4.jpg,28.jpg,0
4.jpg,29.jpg,0
4.jpg,30.jpg,0
4.jpg,31.jpg,0
4.jpg,32.jpg,0
4.jpg,33.jpg,0
4.jpg,34.jpg,0
4.jpg,35.jpg,0
4.jpg,36.jpg,0
4.jpg,37.jpg,0
4.jpg,38.jpg,0
4.jpg,39.jpg,0
4.jpg,40.jpg,0
4.jpg,41.jpg,0
4.jpg,42.jpg,0
4.jpg,12.jpg,0
4.jpg,18.jpg,0
5.jpg,5.jpg,1
5.jpg,6.jpg,1
5.jpg,7.jpg,1
5.jpg,1.jpg,0
5.jpg,2.jpg,0
5.jpg,3.jpg,0
5.jpg,4.jpg,0
5.jpg,8.jpg,0
5.jpg,9.jpg,0
5.jpg,10.jpg,0
5.jpg,11.jpg,0
5.jpg,13.jpg,0
5.jpg,14.jpg,0
5.jpg,15.jpg,0
5.jpg,16.jpg,0
5.jpg,17.jpg,0
5.jpg,18.jpg,0
5.jpg,19.jpg,0
5.jpg,20.jpg,0
5.jpg,21.jpg,0
5.jpg,22.jpg,0
5.jpg,23.jpg,0
5.jpg,24.jpg,0
5.jpg,25.jpg,0
5.jpg,26.jpg,0
5.jpg,27.jpg,0
5.jpg,28.jpg,0
5.jpg,29.jpg,0
5.jpg,30.jpg,0
5.jpg,31.jpg,0
5.jpg,32.jpg,0
5.jpg,33.jpg,0
5.jpg,34.jpg,0
5.jpg,35.jpg,0
5.jpg,36.jpg,0
5.jpg,37.jpg,0
5.jpg,38.jpg,0
5.jpg,39.jpg,0
5.jpg,40.jpg,0
5.jpg,41.jpg,0
5.jpg,42.jpg,0
5.jpg,12.jpg,0
6.jpg,6.jpg,1
6.jpg,5.jpg,1
6.jpg,7.jpg,1
6.jpg,12.jpg,1
6.jpg,14.jpg,1
6.jpg,15.jpg,1
6.jpg,8.jpg,1
6.jpg,1.jpg,0
6.jpg,2.jpg,0
6.jpg,3.jpg,0
6.jpg,4.jpg,0
6.jpg,9.jpg,0
6.jpg,10.jpg,0
6.jpg,11.jpg,0
6.jpg,13.jpg,0
6.jpg,16.jpg,0
6.jpg,17.jpg,0
6.jpg,18.jpg,0
6.jpg,19.jpg,0
6.jpg,20.jpg,0
6.jpg,21.jpg,0
6.jpg,22.jpg,0
6.jpg,23.jpg,0
6.jpg,24.jpg,0
6.jpg,25.jpg,0
6.jpg,26.jpg,0
6.jpg,27.jpg,0
6.jpg,28.jpg,0
6.jpg,29.jpg,0
6.jpg,30.jpg,0
6.jpg,31.jpg,0
6.jpg,32.jpg,0
6.jpg,33.jpg,0
6.jpg,34.jpg,0
6.jpg,35.jpg,0
6.jpg,36.jpg,0
6.jpg,37.jpg,0
6.jpg,38.jpg,0
6.jpg,39.jpg,0
6.jpg,40.jpg,0
6.jpg,41.jpg,0
6.jpg,42.jpg,0
7.jpg,7.jpg,1
7.jpg,5.jpg,1
7.jpg,6.jpg,1
7.jpg,8.jpg,1
7.jpg,14.jpg,1
7.jpg,15.jpg,1
7.jpg,1.jpg,0
7.jpg,2.jpg,0
7.jpg,3.jpg,0
7.jpg,4.jpg,0
7.jpg,9.jpg,0
7.jpg,10.jpg,0
7.jpg,11.jpg,0
7.jpg,13.jpg,0
7.jpg,16.jpg,0
7.jpg,17.jpg,0
7.jpg,18.jpg,0
7.jpg,19.jpg,0
7.jpg,20.jpg,0
7.jpg,21.jpg,0
7.jpg,22.jpg,0
7.jpg,23.jpg,0
7.jpg,24.jpg,0
7.jpg,25.jpg,0
7.jpg,26.jpg,0
7.jpg,27.jpg,0
7.jpg,28.jpg,0
7.jpg,29.jpg,0
7.jpg,30.jpg,0
7.jpg,31.jpg,0
7.jpg,32.jpg,0
7.jpg,33.jpg,0
7.jpg,34.jpg,0
7.jpg,35.jpg,0
7.jpg,36.jpg,0
7.jpg,37.jpg,0
7.jpg,38.jpg,0
7.jpg,39.jpg,0
7.jpg,40.jpg,0
7.jpg,41.jpg,0
7.jpg,42.jpg,0
7.jpg,12.jpg,0
8.jpg,8.jpg,1
8.jpg,7.jpg,1
8.jpg,9.jpg,1
8.jpg,6.jpg,1
8.jpg,10.jpg,1
8.jpg,14.jpg,1
8.jpg,15.jpg,1
8.jpg,19.jpg,1
8.jpg,26.jpg,1
8.jpg,1.jpg,0
8.jpg,2.jpg,0
8.jpg,3.jpg,0
8.jpg,4.jpg,0
8.jpg,5.jpg,0
8.jpg,11.jpg,0
8.jpg,12.jpg,0
8.jpg,13.jpg,0
8.jpg,16.jpg,0
8.jpg,17.jpg,0
8.jpg,18.jpg,0
8.jpg,20.jpg,0
8.jpg,21.jpg,0
8.jpg,22.jpg,0
8.jpg,24.jpg,0
8.jpg,25.jpg,0
8.jpg,27.jpg,0
8.jpg,28.jpg,0
8.jpg,29.jpg,0
8.jpg,30.jpg,0
8.jpg,31.jpg,0
8.jpg,32.jpg,0
8.jpg,33.jpg,0
8.jpg,34.jpg,0
8.jpg,35.jpg,0
8.jpg,36.jpg,0
8.jpg,37.jpg,0
8.jpg,38.jpg,0
8.jpg,39.jpg,0
8.jpg,40.jpg,0
8.jpg,41.jpg,0
8.jpg,42.jpg,0
8.jpg,23.jpg,0
9.jpg,9.jpg,1
9.jpg,10.jpg,1
9.jpg,8.jpg,1
9.jpg,16.jpg,1
9.jpg,19.jpg,1
9.jpg,26.jpg,1
9.jpg,1.jpg,1
9.jpg,14.jpg,1
9.jpg,15.jpg,1
9.jpg,22.jpg,1
9.jpg,23.jpg,1
9.jpg,24.jpg,1
9.jpg,27.jpg,1
9.jpg,28.jpg,1
9.jpg,2.jpg,0
9.jpg,3.jpg,0
9.jpg,4.jpg,0
9.jpg,5.jpg,0
9.jpg,6.jpg,0
9.jpg,7.jpg,0
9.jpg,11.jpg,0
9.jpg,12.jpg,0
9.jpg,13.jpg,0
9.jpg,17.jpg,0
9.jpg,18.jpg,0
9.jpg,20.jpg,0
9.jpg,21.jpg,0
9.jpg,25.jpg,0
9.jpg,29.jpg,0
9.jpg,30.jpg,0
9.jpg,31.jpg,0
9.jpg,32.jpg,0
9.jpg,33.jpg,0
9.jpg,34.jpg,0
9.jpg,35.jpg,0
9.jpg,36.jpg,0
9.jpg,37.jpg,0
9.jpg,38.jpg,0
9.jpg,39.jpg,0
9.jpg,40.jpg,0
9.jpg,41.jpg,0
9.jpg,42.jpg,0
10.jpg,10.jpg,1
10.jpg,1.jpg,1
10.jpg,9.jpg,1
10.jpg,2.jpg,1
10.jpg,16.jpg,1
10.jpg,17.jpg,1
10.jpg,19.jpg,1
10.jpg,23.jpg,1
10.jpg,24.jpg,1
10.jpg,26.jpg,1
10.jpg,27.jpg,1
10.jpg,28.jpg,1
10.jpg,8.jpg,1
10.jpg,15.jpg,1
10.jpg,18.jpg,1
10.jpg,22.jpg,1
10.jpg,25.jpg,1
10.jpg,3.jpg,0
10.jpg,4.jpg,0
10.jpg,5.jpg,0
10.jpg,6.jpg,0
10.jpg,7.jpg,0
10.jpg,11.jpg,0
10.jpg,12.jpg,0
10.jpg,13.jpg,0
10.jpg,14.jpg,0
10.jpg,20.jpg,0
10.jpg,21.jpg,0
10.jpg,29.jpg,0
10.jpg,30.jpg,0
10.jpg,31.jpg,0
10.jpg,32.jpg,0
10.jpg,33.jpg,0
10.jpg,34.jpg,0
10.jpg,35.jpg,0
10.jpg,36.jpg,0
10.jpg,37.jpg,0
10.jpg,38.jpg,0
10.jpg,39.jpg,0
10.jpg,40.jpg,0
10.jpg,41.jpg,0
10.jpg,42.jpg,0
11.jpg,11.jpg,1
11.jpg,4.jpg,1
11.jpg,13.jpg,1
11.jpg,3.jpg,1
11.jpg,14.jpg,1
11.jpg,2.jpg,1
11.jpg,12.jpg,1
11.jpg,1.jpg,0
11.jpg,5.jpg,0
11.jpg,6.jpg,0
11.jpg,7.jpg,0
11.jpg,8.jpg,0
11.jpg,9.jpg,0
11.jpg,10.jpg,0
11.jpg,16.jpg,0
11.jpg,17.jpg,0
11.jpg,18.jpg,0
11.jpg,19.jpg,0
11.jpg,20.jpg,0
11.jpg,21.jpg,0
11.jpg,22.jpg,0
11.jpg,23.jpg,0
11.jpg,24.jpg,0
11.jpg,25.jpg,0
11.jpg,26.jpg,0
11.jpg,27.jpg,0
11.jpg,28.jpg,0
11.jpg,29.jpg,0
11.jpg,30.jpg,0
11.jpg,31.jpg,0
11.jpg,32.jpg,0
11.jpg,33.jpg,0
11.jpg,34.jpg,0
11.jpg,35.jpg,0
11.jpg,36.jpg,0
11.jpg,37.jpg,0
11.jpg,38.jpg,0
11.jpg,39.jpg,0
11.jpg,40.jpg,0
11.jpg,41.jpg,0
11.jpg,42.jpg,0
11.jpg,15.jpg,0
12.jpg,12.jpg,1
12.jpg,13.jpg,1
12.jpg,14.jpg,1
12.jpg,6.jpg,1
12.jpg,15.jpg,1
12.jpg,11.jpg,1
12.jpg,1.jpg,0
12.jpg,2.jpg,0
12.jpg,3.jpg,0
12.jpg,8.jpg,0
12.jpg,9.jpg,0
12.jpg,10.jpg,0
12.jpg,16.jpg,0
12.jpg,17.jpg,0
12.jpg,18.jpg,0
12.jpg,19.jpg,0
12.jpg,20.jpg,0
12.jpg,21.jpg,0
12.jpg,22.jpg,0
12.jpg,23.jpg,0
12.jpg,24.jpg,0
12.jpg,25.jpg,0
12.jpg,26.jpg,0
12.jpg,27.jpg,0
12.jpg,28.jpg,0
12.jpg,29.jpg,0
12.jpg,30.jpg,0
12.jpg,31.jpg,0
12.jpg,32.jpg,0
12.jpg,33.jpg,0
12.jpg,34.jpg,0
12.jpg,35.jpg,0
12.jpg,36.jpg,0
12.jpg,37.jpg,0
12.jpg,38.jpg,0
12.jpg,39.jpg,0
12.jpg,40.jpg,0
12.jpg,41.jpg,0
12.jpg,42.jpg,0
12.jpg,4.jpg,0
12.jpg,5.jpg,0
12.jpg,7.jpg,0
13.jpg,13.jpg,1
13.jpg,11.jpg,1
13.jpg,12.jpg,1
13.jpg,14.jpg,1
13.jpg,3.jpg,1
13.jpg,4.jpg,1
13.jpg,2.jpg,1
13.jpg,18.jpg,1
13.jpg,5.jpg,0
13.jpg,6.jpg,0
13.jpg,7.jpg,0
13.jpg,8.jpg,0
13.jpg,9.jpg,0
13.jpg,10.jpg,0
13.jpg,16.jpg,0
13.jpg,17.jpg,0
13.jpg,19.jpg,0
13.jpg,20.jpg,0
13.jpg,21.jpg,0
13.jpg,22.jpg,0
13.jpg,23.jpg,0
13.jpg,24.jpg,0
13.jpg,25.jpg,0
13.jpg,26.jpg,0
13.jpg,27.jpg,0
13.jpg,28.jpg,0
13.jpg,29.jpg,0
13.jpg,30.jpg,0
13.jpg,31.jpg,0
13.jpg,32.jpg,0
13.jpg,33.jpg,0
13.jpg,34.jpg,0
13.jpg,35.jpg,0
13.jpg,36.jpg,0
13.jpg,37.jpg,0
13.jpg,38.jpg,0
13.jpg,39.jpg,0
13.jpg,40.jpg,0
13.jpg,41.jpg,0
13.jpg,42.jpg,0
13.jpg,1.jpg,0
13.jpg,15.jpg,0
14.jpg,14.jpg,1
14.jpg,12.jpg,1
14.jpg,13.jpg,1
14.jpg,4.jpg,1
14.jpg,6.jpg,1
14.jpg,7.jpg,1
14.jpg,11.jpg,1
14.jpg,15.jpg,1
14.jpg,8.jpg,1
14.jpg,9.jpg,1
14.jpg,1.jpg,0
14.jpg,2.jpg,0
14.jpg,5.jpg,0
14.jpg,10.jpg,0
14.jpg,16.jpg,0
14.jpg,17.jpg,0
14.jpg,18.jpg,0
14.jpg,19.jpg,0
14.jpg,20.jpg,0
14.jpg,21.jpg,0
14.jpg,22.jpg,0
14.jpg,23.jpg,0
14.jpg,24.jpg,0
14.jpg,25.jpg,0
14.jpg,26.jpg,0
14.jpg,27.jpg,0
14.jpg,28.jpg,0
14.jpg,29.jpg,0
14.jpg,30.jpg,0
14.jpg,31.jpg,0
14.jpg,32.jpg,0
14.jpg,33.jpg,0
14.jpg,34.jpg,0
14.jpg,35.jpg,0
14.jpg,36.jpg,0
14.jpg,37.jpg,0
14.jpg,38.jpg,0
14.jpg,39.jpg,0
14.jpg,40.jpg,0
14.jpg,41.jpg,0
14.jpg,42.jpg,0
14.jpg,3.jpg,0
15.jpg,15.jpg,1
15.jpg,6.jpg,1
15.jpg,7.jpg,1
15.jpg,12.jpg,1
15.jpg,14.jpg,1
15.jpg,8.jpg,1
15.jpg,9.jpg,1
15.jpg,10.jpg,1
15.jpg,19.jpg,1
15.jpg,26.jpg,1
15.jpg,1.jpg,0
15.jpg,2.jpg,0
15.jpg,3.jpg,0
15.jpg,4.jpg,0
15.jpg,5.jpg,0
15.jpg,16.jpg,0
15.jpg,17.jpg,0
15.jpg,18.jpg,0
15.jpg,20.jpg,0
15.jpg,21.jpg,0
15.jpg,22.jpg,0
15.jpg,23.jpg,0
15.jpg,24.jpg,0
15.jpg,25.jpg,0
15.jpg,27.jpg,0
15.jpg,28.jpg,0
15.jpg,29.jpg,0
15.jpg,30.jpg,0
15.jpg,31.jpg,0
15.jpg,32.jpg,0
15.jpg,33.jpg,0
15.jpg,34.jpg,0
15.jpg,35.jpg,0
15.jpg,36.jpg,0
15.jpg,37.jpg,0
15.jpg,38.jpg,0
15.jpg,39.jpg,0
15.jpg,40.jpg,0
15.jpg,41.jpg,0
15.jpg,42.jpg,0
15.jpg,11.jpg,0
15.jpg,13.jpg,0
16.jpg,16.jpg,1
16.jpg,17.jpg,1
16.jpg,1.jpg,1
16.jpg,2.jpg,1
16.jpg,9.jpg,1
16.jpg,10.jpg,1
16.jpg,18.jpg,1
16.jpg,22.jpg,1
16.jpg,23.jpg,1
16.jpg,24.jpg,1
16.jpg,25.jpg,1
16.jpg,27.jpg,1
16.jpg,28.jpg,1
16.jpg,26.jpg,1
16.jpg,3.jpg,0
16.jpg,4.jpg,0
16.jpg,5.jpg,0
16.jpg,6.jpg,0
16.jpg,7.jpg,0
16.jpg,8.jpg,0
16.jpg,11.jpg,0
16.jpg,12.jpg,0
16.jpg,13.jpg,0
16.jpg,14.jpg,0
16.jpg,15.jpg,0
16.jpg,19.jpg,0
16.jpg,20.jpg,0
16.jpg,21.jpg,0
16.jpg,29.jpg,0
16.jpg,30.jpg,0
16.jpg,31.jpg,0
16.jpg,32.jpg,0
16.jpg,33.jpg,0
16.jpg,34.jpg,0
16.jpg,35.jpg,0
16.jpg,36.jpg,0
16.jpg,37.jpg,0
16.jpg,38.jpg,0
16.jpg,39.jpg,0
16.jpg,40.jpg,0
16.jpg,41.jpg,0
16.jpg,42.jpg,0
17.jpg,17.jpg,1
17.jpg,16.jpg,1
17.jpg,1.jpg,1
17.jpg,2.jpg,1
17.jpg,3.jpg,1
17.jpg,10.jpg,1
17.jpg,18.jpg,1
17.jpg,23.jpg,1
17.jpg,24.jpg,1
17.jpg,25.jpg,1
17.jpg,27.jpg,1
17.jpg,28.jpg,1
17.jpg,26.jpg,1
17.jpg,4.jpg,0
17.jpg,5.jpg,0
17.jpg,6.jpg,0
17.jpg,7.jpg,0
17.jpg,8.jpg,0
17.jpg,9.jpg,0
17.jpg,11.jpg,0
17.jpg,12.jpg,0
17.jpg,13.jpg,0
17.jpg,14.jpg,0
17.jpg,15.jpg,0
17.jpg,19.jpg,0
17.jpg,20.jpg,0
17.jpg,21.jpg,0
17.jpg,22.jpg,0
17.jpg,29.jpg,0
17.jpg,30.jpg,0
17.jpg,31.jpg,0
17.jpg,32.jpg,0
17.jpg,33.jpg,0
17.jpg,34.jpg,0
17.jpg,35.jpg,0
17.jpg,36.jpg,0
17.jpg,37.jpg,0
17.jpg,38.jpg,0
17.jpg,39.jpg,0
17.jpg,40.jpg,0
17.jpg,41.jpg,0
17.jpg,42.jpg,0
18.jpg,18.jpg,1
18.jpg,1.jpg,1
18.jpg,2.jpg,1
18.jpg,3.jpg,1
18.jpg,16.jpg,1
18.jpg,17.jpg,1
18.jpg,24.jpg,1
18.jpg,25.jpg,1
18.jpg,10.jpg,1
18.jpg,13.jpg,1
18.jpg,26.jpg,1
18.jpg,27.jpg,1
18.jpg,28.jpg,1
18.jpg,5.jpg,0
18.jpg,6.jpg,0
18.jpg,7.jpg,0
18.jpg,8.jpg,0
18.jpg,9.jpg,0
18.jpg,11.jpg,0
18.jpg,12.jpg,0
18.jpg,14.jpg,0
18.jpg,15.jpg,0
18.jpg,19.jpg,0
18.jpg,20.jpg,0
18.jpg,21.jpg,0
18.jpg,22.jpg,0
18.jpg,23.jpg,0
18.jpg,29.jpg,0
18.jpg,30.jpg,0
18.jpg,31.jpg,0
18.jpg,32.jpg,0
18.jpg,33.jpg,0
18.jpg,34.jpg,0
18.jpg,35.jpg,0
18.jpg,36.jpg,0
18.jpg,37.jpg,0
18.jpg,38.jpg,0
18.jpg,39.jpg,0
18.jpg,40.jpg,0
18.jpg,41.jpg,0
18.jpg,42.jpg,0
18.jpg,4.jpg,0
19.jpg,19.jpg,1
19.jpg,9.jpg,1
19.jpg,10.jpg,1
19.jpg,20.jpg,1
19.jpg,21.jpg,1
19.jpg,26.jpg,1
19.jpg,29.jpg,1
19.jpg,30.jpg,1
19.jpg,8.jpg,1
19.jpg,15.jpg,1
19.jpg,23.jpg,1
19.jpg,33.jpg,1
19.jpg,34.jpg,1
19.jpg,35.jpg,1
19.jpg,36.jpg,1
19.jpg,1.jpg,0
19.jpg,2.jpg,0
19.jpg,3.jpg,0
19.jpg,4.jpg,0
19.jpg,5.jpg,0
19.jpg,6.jpg,0
19.jpg,7.jpg,0
19.jpg,11.jpg,0
19.jpg,12.jpg,0
19.jpg,13.jpg,0
19.jpg,14.jpg,0
19.jpg,16.jpg,0
19.jpg,17.jpg,0
19.jpg,18.jpg,0
19.jpg,22.jpg,0
19.jpg,24.jpg,0
19.jpg,25.jpg,0
19.jpg,27.jpg,0
19.jpg,28.jpg,0
19.jpg,31.jpg,0
19.jpg,32.jpg,0
19.jpg,37.jpg,0
19.jpg,38.jpg,0
19.jpg,39.jpg,0
19.jpg,40.jpg,0
19.jpg,41.jpg,0
19.jpg,42.jpg,0
20.jpg,20.jpg,1
20.jpg,21.jpg,1
20.jpg,29.jpg,1
20.jpg,30.jpg,1
20.jpg,19.jpg,1
20.jpg,22.jpg,1
20.jpg,31.jpg,1
20.jpg,23.jpg,1
20.jpg,26.jpg,1
20.jpg,27.jpg,1
20.jpg,32.jpg,1
20.jpg,33.jpg,1
20.jpg,34.jpg,1
20.jpg,35.jpg,1
20.jpg,36.jpg,1
20.jpg,37.jpg,1
20.jpg,38.jpg,1
20.jpg,39.jpg,1
20.jpg,40.jpg,1
20.jpg,1.jpg,0
20.jpg,2.jpg,0
20.jpg,3.jpg,0
20.jpg,4.jpg,0
20.jpg,5.jpg,0
20.jpg,6.jpg,0
20.jpg,7.jpg,0
20.jpg,8.jpg,0
20.jpg,9.jpg,0
20.jpg,10.jpg,0
20.jpg,11.jpg,0
20.jpg,12.jpg,0
20.jpg,13.jpg,0
20.jpg,14.jpg,0
20.jpg,15.jpg,0
20.jpg,16.jpg,0
20.jpg,17.jpg,0
20.jpg,18.jpg,0
20.jpg,24.jpg,0
20.jpg,25.jpg,0
20.jpg,28.jpg,0
20.jpg,41.jpg,0
20.jpg,42.jpg,0
21.jpg,21.jpg,1
21.jpg,20.jpg,1
21.jpg,22.jpg,1
21.jpg,29.jpg,1
21.jpg,30.jpg,1
21.jpg,19.jpg,1
21.jpg,31.jpg,1
21.jpg,40.jpg,1
21.jpg,23.jpg,1
21.jpg,26.jpg,1
21.jpg,27.jpg,1
21.jpg,32.jpg,1
21.jpg,33.jpg,1
21.jpg,34.jpg,1
21.jpg,35.jpg,1
21.jpg,36.jpg,1
21.jpg,37.jpg,1
21.jpg,38.jpg,1
21.jpg,39.jpg,1
21.jpg,1.jpg,0
21.jpg,2.jpg,0
21.jpg,3.jpg,0
21.jpg,4.jpg,0
21.jpg,5.jpg,0
21.jpg,6.jpg,0
21.jpg,7.jpg,0
21.jpg,8.jpg,0
21.jpg,9.jpg,0
21.jpg,10.jpg,0
21.jpg,11.jpg,0
21.jpg,12.jpg,0
21.jpg,13.jpg,0
21.jpg,14.jpg,0
21.jpg,15.jpg,0
21.jpg,16.jpg,0
21.jpg,17.jpg,0
21.jpg,18.jpg,0
21.jpg,24.jpg,0
21.jpg,25.jpg,0
21.jpg,28.jpg,0
21.jpg,41.jpg,0
21.jpg,42.jpg,0
22.jpg,22.jpg,1
22.jpg,21.jpg,1
22.jpg,16.jpg,1
22.jpg,20.jpg,1
22.jpg,23.jpg,1
22.jpg,26.jpg,1
22.jpg,29.jpg,1
22.jpg,30.jpg,1
22.jpg,31.jpg,1
22.jpg,40.jpg,1
22.jpg,1.jpg,1
22.jpg,9.jpg,1
22.jpg,10.jpg,1
22.jpg,27.jpg,1
22.jpg,32.jpg,1
22.jpg,37.jpg,1
22.jpg,38.jpg,1
22.jpg,39.jpg,1
22.jpg,2.jpg,0
22.jpg,3.jpg,0
22.jpg,4.jpg,0
22.jpg,5.jpg,0
22.jpg,6.jpg,0
22.jpg,7.jpg,0
22.jpg,8.jpg,0
22.jpg,11.jpg,0
22.jpg,12.jpg,0
22.jpg,13.jpg,0
22.jpg,14.jpg,0
22.jpg,15.jpg,0
22.jpg,17.jpg,0
22.jpg,18.jpg,0
22.jpg,19.jpg,0
22.jpg,24.jpg,0
22.jpg,25.jpg,0
22.jpg,33.jpg,0
22.jpg,34.jpg,0
22.jpg,35.jpg,0
22.jpg,36.jpg,0
22.jpg,41.jpg,0
22.jpg,42.jpg,0
22.jpg,28.jpg,0
23.jpg,23.jpg,1
23.jpg,24.jpg,1
23.jpg,26.jpg,1
23.jpg,27.jpg,1
23.jpg,28.jpg,1
23.jpg,1.jpg,1
23.jpg,2.jpg,1
23.jpg,10.jpg,1
23.jpg,16.jpg,1
23.jpg,17.jpg,1
23.jpg,22.jpg,1
23.jpg,25.jpg,1
23.jpg,9.jpg,1
23.jpg,19.jpg,1
23.jpg,20.jpg,1
23.jpg,21.jpg,1
23.jpg,30.jpg,1
23.jpg,31.jpg,1
23.jpg,40.jpg,1
23.jpg,3.jpg,0
23.jpg,4.jpg,0
23.jpg,5.jpg,0
23.jpg,6.jpg,0
23.jpg,7.jpg,0
23.jpg,11.jpg,0
23.jpg,12.jpg,0
23.jpg,13.jpg,0
23.jpg,14.jpg,0
23.jpg,15.jpg,0
23.jpg,18.jpg,0
23.jpg,29.jpg,0
23.jpg,33.jpg,0
23.jpg,34.jpg,0
23.jpg,35.jpg,0
23.jpg,36.jpg,0
23.jpg,37.jpg,0
23.jpg,38.jpg,0
23.jpg,41.jpg,0
23.jpg,42.jpg,0
23.jpg,8.jpg,0
23.jpg,32.jpg,0
23.jpg,39.jpg,0
24.jpg,24.jpg,1
24.jpg,23.jpg,1
24.jpg,25.jpg,1
24.jpg,27.jpg,1
24.jpg,28.jpg,1
24.jpg,1.jpg,1
24.jpg,2.jpg,1
24.jpg,10.jpg,1
24.jpg,16.jpg,1
24.jpg,17.jpg,1
24.jpg,18.jpg,1
24.jpg,26.jpg,1
24.jpg,9.jpg,1
24.jpg,4.jpg,0
24.jpg,5.jpg,0
24.jpg,6.jpg,0
24.jpg,7.jpg,0
24.jpg,8.jpg,0
24.jpg,11.jpg,0
24.jpg,12.jpg,0
24.jpg,13.jpg,0
24.jpg,14.jpg,0
24.jpg,15.jpg,0
24.jpg,19.jpg,0
24.jpg,20.jpg,0
24.jpg,21.jpg,0
24.jpg,22.jpg,0
24.jpg,29.jpg,0
24.jpg,30.jpg,0
24.jpg,31.jpg,0
24.jpg,32.jpg,0
24.jpg,33.jpg,0
24.jpg,34.jpg,0
24.jpg,35.jpg,0
24.jpg,36.jpg,0
24.jpg,37.jpg,0
24.jpg,38.jpg,0
24.jpg,39.jpg,0
24.jpg,40.jpg,0
24.jpg,41.jpg,0
24.jpg,42.jpg,0
24.jpg,3.jpg,0
25.jpg,25.jpg,1
25.jpg,24.jpg,1
25.jpg,28.jpg,1
25.jpg,1.jpg,1
25.jpg,2.jpg,1
25.jpg,16.jpg,1
25.jpg,17.jpg,1
25.jpg,18.jpg,1
25.jpg,23.jpg,1
25.jpg,27.jpg,1
25.jpg,10.jpg,1
25.jpg,4.jpg,0
25.jpg,5.jpg,0
25.jpg,6.jpg,0
25.jpg,7.jpg,0
25.jpg,8.jpg,0
25.jpg,9.jpg,0
25.jpg,11.jpg,0
25.jpg,12.jpg,0
25.jpg,13.jpg,0
25.jpg,14.jpg,0
25.jpg,15.jpg,0
25.jpg,19.jpg,0
25.jpg,20.jpg,0
25.jpg,21.jpg,0
25.jpg,22.jpg,0
25.jpg,29.jpg,0
25.jpg,30.jpg,0
25.jpg,31.jpg,0
25.jpg,32.jpg,0
25.jpg,33.jpg,0
25.jpg,34.jpg,0
25.jpg,35.jpg,0
25.jpg,36.jpg,0
25.jpg,37.jpg,0
25.jpg,38.jpg,0
25.jpg,39.jpg,0
25.jpg,40.jpg,0
25.jpg,41.jpg,0
25.jpg,42.jpg,0
25.jpg,3.jpg,0
25.jpg,26.jpg,0
26.jpg,26.jpg,1
26.jpg,23.jpg,1
26.jpg,27.jpg,1
26.jpg,1.jpg,1
26.jpg,9.jpg,1
26.jpg,10.jpg,1
26.jpg,19.jpg,1
26.jpg,22.jpg,1
26.jpg,24.jpg,1
26.jpg,28.jpg,1
26.jpg,2.jpg,1
26.jpg,8.jpg,1
26.jpg,15.jpg,1
26.jpg,16.jpg,1
26.jpg,17.jpg,1
26.jpg,18.jpg,1
26.jpg,20.jpg,1
26.jpg,21.jpg,1
26.jpg,30.jpg,1
26.jpg,31.jpg,1
26.jpg,32.jpg,1
26.jpg,40.jpg,1
26.jpg,3.jpg,0
26.jpg,4.jpg,0
26.jpg,5.jpg,0
26.jpg,6.jpg,0
26.jpg,7.jpg,0
26.jpg,11.jpg,0
26.jpg,12.jpg,0
26.jpg,13.jpg,0
26.jpg,14.jpg,0
26.jpg,29.jpg,0
26.jpg,33.jpg,0
26.jpg,34.jpg,0
26.jpg,35.jpg,0
26.jpg,36.jpg,0
26.jpg,37.jpg,0
26.jpg,38.jpg,0
26.jpg,41.jpg,0
26.jpg,42.jpg,0
26.jpg,25.jpg,0
26.jpg,39.jpg,0
27.jpg,27.jpg,1
27.jpg,23.jpg,1
27.jpg,24.jpg,1
27.jpg,26.jpg,1
27.jpg,28.jpg,1
27.jpg,1.jpg,1
27.jpg,2.jpg,1
27.jpg,10.jpg,1
27.jpg,16.jpg,1
27.jpg,17.jpg,1
27.jpg,25.jpg,1
27.jpg,9.jpg,1
27.jpg,18.jpg,1
27.jpg,20.jpg,1
27.jpg,21.jpg,1
27.jpg,22.jpg,1
27.jpg,30.jpg,1
27.jpg,31.jpg,1
27.jpg,32.jpg,1
27.jpg,40.jpg,1
27.jpg,3.jpg,0
27.jpg,4.jpg,0
27.jpg,5.jpg,0
27.jpg,6.jpg,0
27.jpg,7.jpg,0
27.jpg,8.jpg,0
27.jpg,11.jpg,0
27.jpg,12.jpg,0
27.jpg,13.jpg,0
27.jpg,14.jpg,0
27.jpg,15.jpg,0
27.jpg,19.jpg,0
27.jpg,33.jpg,0
27.jpg,34.jpg,0
27.jpg,35.jpg,0
27.jpg,36.jpg,0
27.jpg,37.jpg,0
27.jpg,38.jpg,0
27.jpg,41.jpg,0
27.jpg,42.jpg,0
27.jpg,29.jpg,0
27.jpg,39.jpg,0
28.jpg,28.jpg,1
28.jpg,23.jpg,1
28.jpg,24.jpg,1
28.jpg,25.jpg,1
28.jpg,27.jpg,1
28.jpg,1.jpg,1
28.jpg,2.jpg,1
28.jpg,10.jpg,1
28.jpg,16.jpg,1
28.jpg,17.jpg,1
28.jpg,26.jpg,1
28.jpg,9.jpg,1
28.jpg,18.jpg,1
28.jpg,4.jpg,0
28.jpg,5.jpg,0
28.jpg,6.jpg,0
28.jpg,7.jpg,0
28.jpg,8.jpg,0
28.jpg,11.jpg,0
28.jpg,12.jpg,0
28.jpg,13.jpg,0
28.jpg,14.jpg,0
28.jpg,15.jpg,0
28.jpg,19.jpg,0
28.jpg,20.jpg,0
28.jpg,21.jpg,0
28.jpg,29.jpg,0
28.jpg,30.jpg,0
28.jpg,31.jpg,0
28.jpg,32.jpg,0
28.jpg,33.jpg,0
28.jpg,34.jpg,0
28.jpg,35.jpg,0
28.jpg,36.jpg,0
28.jpg,37.jpg,0
28.jpg,38.jpg,0
28.jpg,39.jpg,0
28.jpg,40.jpg,0
28.jpg,41.jpg,0
28.jpg,42.jpg,0
28.jpg,3.jpg,0
28.jpg,22.jpg,0
29.jpg,29.jpg,1
29.jpg,20.jpg,1
29.jpg,21.jpg,1
29.jpg,30.jpg,1
29.jpg,19.jpg,1
29.jpg,22.jpg,1
29.jpg,31.jpg,1
29.jpg,33.jpg,1
29.jpg,34.jpg,1
29.jpg,35.jpg,1
29.jpg,36.jpg,1
29.jpg,37.jpg,1
29.jpg,38.jpg,1
29.jpg,39.jpg,1
29.jpg,40.jpg,1
29.jpg,1.jpg,0
29.jpg,2.jpg,0
29.jpg,3.jpg,0
29.jpg,4.jpg,0
29.jpg,5.jpg,0
29.jpg,6.jpg,0
29.jpg,7.jpg,0
29.jpg,8.jpg,0
29.jpg,9.jpg,0
29.jpg,10.jpg,0
29.jpg,11.jpg,0
29.jpg,12.jpg,0
29.jpg,13.jpg,0
29.jpg,14.jpg,0
29.jpg,15.jpg,0
29.jpg,16.jpg,0
29.jpg,17.jpg,0
29.jpg,18.jpg,0
29.jpg,23.jpg,0
29.jpg,24.jpg,0
29.jpg,25.jpg,0
29.jpg,26.jpg,0
29.jpg,28.jpg,0
29.jpg,41.jpg,0
29.jpg,42.jpg,0
29.jpg,27.jpg,0
29.jpg,32.jpg,0
30.jpg,30.jpg,1
30.jpg,20.jpg,1
30.jpg,21.jpg,1
30.jpg,29.jpg,1
30.jpg,31.jpg,1
30.jpg,40.jpg,1
30.jpg,19.jpg,1
30.jpg,22.jpg,1
30.jpg,32.jpg,1
30.jpg,34.jpg,1
30.jpg,35.jpg,1
30.jpg,36.jpg,1
30.jpg,37.jpg,1
30.jpg,38.jpg,1
30.jpg,39.jpg,1
30.jpg,23.jpg,1
30.jpg,26.jpg,1
30.jpg,27.jpg,1
30.jpg,33.jpg,1
30.jpg,1.jpg,0
30.jpg,2.jpg,0
30.jpg,3.jpg,0
30.jpg,4.jpg,0
30.jpg,5.jpg,0
30.jpg,6.jpg,0
30.jpg,7.jpg,0
30.jpg,8.jpg,0
30.jpg,9.jpg,0
30.jpg,10.jpg,0
30.jpg,11.jpg,0
30.jpg,12.jpg,0
30.jpg,13.jpg,0
30.jpg,14.jpg,0
30.jpg,15.jpg,0
30.jpg,16.jpg,0
30.jpg,17.jpg,0
30.jpg,18.jpg,0
30.jpg,24.jpg,0
30.jpg,25.jpg,0
30.jpg,28.jpg,0
30.jpg,41.jpg,0
30.jpg,42.jpg,0
31.jpg,31.jpg,1
31.jpg,30.jpg,1
31.jpg,32.jpg,1
31.jpg,40.jpg,1
31.jpg,20.jpg,1
31.jpg,21.jpg,1
31.jpg,22.jpg,1
31.jpg,29.jpg,1
31.jpg,37.jpg,1
31.jpg,38.jpg,1
31.jpg,39.jpg,1
31.jpg,41.jpg,1
31.jpg,42.jpg,1
31.jpg,23.jpg,1
31.jpg,26.jpg,1
31.jpg,27.jpg,1
31.jpg,1.jpg,0
31.jpg,2.jpg,0
31.jpg,3.jpg,0
31.jpg,4.jpg,0
31.jpg,5.jpg,0
31.jpg,6.jpg,0
31.jpg,7.jpg,0
31.jpg,8.jpg,0
31.jpg,9.jpg,0
31.jpg,10.jpg,0
31.jpg,11.jpg,0
31.jpg,12.jpg,0
31.jpg,13.jpg,0
31.jpg,14.jpg,0
31.jpg,15.jpg,0
31.jpg,16.jpg,0
31.jpg,17.jpg,0
31.jpg,18.jpg,0
31.jpg,19.jpg,0
31.jpg,24.jpg,0
31.jpg,25.jpg,0
31.jpg,28.jpg,0
31.jpg,33.jpg,0
31.jpg,34.jpg,0
31.jpg,35.jpg,0
31.jpg,36.jpg,0
32.jpg,32.jpg,1
32.jpg,31.jpg,1
32.jpg,40.jpg,1
32.jpg,30.jpg,1
32.jpg,39.jpg,1
32.jpg,41.jpg,1
32.jpg,42.jpg,1
32.jpg,20.jpg,1
32.jpg,21.jpg,1
32.jpg,22.jpg,1
32.jpg,26.jpg,1
32.jpg,27.jpg,1
32.jpg,38.jpg,1
32.jpg,1.jpg,0
32.jpg,2.jpg,0
32.jpg,3.jpg,0
32.jpg,4.jpg,0
32.jpg,5.jpg,0
32.jpg,6.jpg,0
32.jpg,7.jpg,0
32.jpg,8.jpg,0
32.jpg,9.jpg,0
32.jpg,10.jpg,0
32.jpg,11.jpg,0
32.jpg,12.jpg,0
32.jpg,13.jpg,0
32.jpg,14.jpg,0
32.jpg,15.jpg,0
32.jpg,16.jpg,0
32.jpg,17.jpg,0
32.jpg,18.jpg,0
32.jpg,19.jpg,0
32.jpg,24.jpg,0
32.jpg,25.jpg,0
32.jpg,28.jpg,0
32.jpg,33.jpg,0
32.jpg,34.jpg,0
32.jpg,35.jpg,0
32.jpg,36.jpg,0
32.jpg,37.jpg,0
32.jpg,23.jpg,0
32.jpg,29.jpg,0
33.jpg,33.jpg,1
33.jpg,34.jpg,1
33.jpg,29.jpg,1
33.jpg,19.jpg,1
33.jpg,20.jpg,1
33.jpg,21.jpg,1
33.jpg,30.jpg,1
33.jpg,35.jpg,1
33.jpg,1.jpg,0
33.jpg,2.jpg,0
33.jpg,3.jpg,0
33.jpg,4.jpg,0
33.jpg,5.jpg,0
33.jpg,6.jpg,0
33.jpg,7.jpg,0
33.jpg,8.jpg,0
33.jpg,9.jpg,0
33.jpg,10.jpg,0
33.jpg,11.jpg,0
33.jpg,12.jpg,0
33.jpg,13.jpg,0
33.jpg,14.jpg,0
33.jpg,15.jpg,0
33.jpg,16.jpg,0
33.jpg,17.jpg,0
33.jpg,18.jpg,0
33.jpg,22.jpg,0
33.jpg,23.jpg,0
33.jpg,24.jpg,0
33.jpg,25.jpg,0
33.jpg,26.jpg,0
33.jpg,27.jpg,0
33.jpg,28.jpg,0
33.jpg,31.jpg,0
33.jpg,32.jpg,0
33.jpg,36.jpg,0
33.jpg,37.jpg,0
33.jpg,38.jpg,0
33.jpg,39.jpg,0
33.jpg,40.jpg,0
33.jpg,41.jpg,0
33.jpg,42.jpg,0
34.jpg,34.jpg,1
34.jpg,33.jpg,1
34.jpg,35.jpg,1
34.jpg,29.jpg,1
34.jpg,30.jpg,1
34.jpg,36.jpg,1
34.jpg,19.jpg,1
34.jpg,20.jpg,1
34.jpg,21.jpg,1
34.jpg,1.jpg,0
34.jpg,2.jpg,0
34.jpg,3.jpg,0
34.jpg,4.jpg,0
34.jpg,5.jpg,0
34.jpg,6.jpg,0
34.jpg,7.jpg,0
34.jpg,8.jpg,0
34.jpg,9.jpg,0
34.jpg,10.jpg,0
34.jpg,11.jpg,0
34.jpg,12.jpg,0
34.jpg,13.jpg,0
34.jpg,14.jpg,0
34.jpg,15.jpg,0
34.jpg,16.jpg,0
34.jpg,17.jpg,0
34.jpg,18.jpg,0
34.jpg,22.jpg,0
34.jpg,23.jpg,0
34.jpg,24.jpg,0
34.jpg,25.jpg,0
34.jpg,26.jpg,0
34.jpg,27.jpg,0
34.jpg,28.jpg,0
34.jpg,31.jpg,0
34.jpg,32.jpg,0
34.jpg,37.jpg,0
34.jpg,38.jpg,0
34.jpg,39.jpg,0
34.jpg,40.jpg,0
34.jpg,41.jpg,0
34.jpg,42.jpg,0
35.jpg,35.jpg,1
35.jpg,34.jpg,1
35.jpg,36.jpg,1
35.jpg,29.jpg,1
35.jpg,30.jpg,1
35.jpg,37.jpg,1
35.jpg,19.jpg,1
35.jpg,20.jpg,1
35.jpg,21.jpg,1
35.jpg,33.jpg,1
35.jpg,1.jpg,0
35.jpg,2.jpg,0
35.jpg,3.jpg,0
35.jpg,4.jpg,0
35.jpg,5.jpg,0
35.jpg,6.jpg,0
35.jpg,7.jpg,0
35.jpg,8.jpg,0
35.jpg,9.jpg,0
35.jpg,10.jpg,0
35.jpg,11.jpg,0
35.jpg,12.jpg,0
35.jpg,13.jpg,0
35.jpg,14.jpg,0
35.jpg,15.jpg,0
35.jpg,16.jpg,0
35.jpg,17.jpg,0
35.jpg,18.jpg,0
35.jpg,22.jpg,0
35.jpg,23.jpg,0
35.jpg,24.jpg,0
35.jpg,25.jpg,0
35.jpg,26.jpg,0
35.jpg,27.jpg,0
35.jpg,28.jpg,0
35.jpg,31.jpg,0
35.jpg,32.jpg,0
35.jpg,38.jpg,0
35.jpg,39.jpg,0
35.jpg,40.jpg,0
35.jpg,41.jpg,0
35.jpg,42.jpg,0
36.jpg,36.jpg,1
36.jpg,35.jpg,1
36.jpg,37.jpg,1
36.jpg,29.jpg,1
36.jpg,30.jpg,1
36.jpg,34.jpg,1
36.jpg,19.jpg,1
36.jpg,20.jpg,1
36.jpg,21.jpg,1
36.jpg,38.jpg,1
36.jpg,1.jpg,0
36.jpg,2.jpg,0
36.jpg,3.jpg,0
36.jpg,4.jpg,0
36.jpg,5.jpg,0
36.jpg,6.jpg,0
36.jpg,7.jpg,0
36.jpg,8.jpg,0
36.jpg,9.jpg,0
36.jpg,10.jpg,0
36.jpg,11.jpg,0
36.jpg,12.jpg,0
36.jpg,13.jpg,0
36.jpg,14.jpg,0
36.jpg,15.jpg,0
36.jpg,16.jpg,0
36.jpg,17.jpg,0
36.jpg,18.jpg,0
36.jpg,22.jpg,0
36.jpg,23.jpg,0
36.jpg,24.jpg,0
36.jpg,25.jpg,0
36.jpg,26.jpg,0
36.jpg,27.jpg,0
36.jpg,28.jpg,0
36.jpg,32.jpg,0
36.jpg,33.jpg,0
36.jpg,39.jpg,0
36.jpg,40.jpg,0
36.jpg,41.jpg,0
36.jpg,42.jpg,0
36.jpg,31.jpg,0
37.jpg,37.jpg,1
37.jpg,36.jpg,1
37.jpg,38.jpg,1
37.jpg,29.jpg,1
37.jpg,30.jpg,1
37.jpg,31.jpg,1
37.jpg,35.jpg,1
37.jpg,39.jpg,1
37.jpg,20.jpg,1
37.jpg,21.jpg,1
37.jpg,22.jpg,1
37.jpg,40.jpg,1
37.jpg,1.jpg,0
37.jpg,2.jpg,0
37.jpg,3.jpg,0
37.jpg,4.jpg,0
37.jpg,5.jpg,0
37.jpg,6.jpg,0
37.jpg,7.jpg,0
37.jpg,8.jpg,0
37.jpg,9.jpg,0
37.jpg,10.jpg,0
37.jpg,11.jpg,0
37.jpg,12.jpg,0
37.jpg,13.jpg,0
37.jpg,14.jpg,0
37.jpg,15.jpg,0
37.jpg,16.jpg,0
37.jpg,17.jpg,0
37.jpg,18.jpg,0
37.jpg,19.jpg,0
37.jpg,23.jpg,0
37.jpg,24.jpg,0
37.jpg,25.jpg,0
37.jpg,26.jpg,0
37.jpg,27.jpg,0
37.jpg,28.jpg,0
37.jpg,32.jpg,0
37.jpg,33.jpg,0
37.jpg,34.jpg,0
37.jpg,41.jpg,0
37.jpg,42.jpg,0
38.jpg,38.jpg,1
38.jpg,37.jpg,1
38.jpg,39.jpg,1
38.jpg,29.jpg,1
38.jpg,30.jpg,1
38.jpg,31.jpg,1
38.jpg,20.jpg,1
38.jpg,21.jpg,1
38.jpg,22.jpg,1
38.jpg,32.jpg,1
38.jpg,36.jpg,1
38.jpg,40.jpg,1
38.jpg,1.jpg,0
38.jpg,2.jpg,0
38.jpg,3.jpg,0
38.jpg,4.jpg,0
38.jpg,5.jpg,0
38.jpg,6.jpg,0
38.jpg,7.jpg,0
38.jpg,8.jpg,0
38.jpg,9.jpg,0
38.jpg,10.jpg,0
38.jpg,11.jpg,0
38.jpg,12.jpg,0
38.jpg,13.jpg,0
38.jpg,14.jpg,0
38.jpg,15.jpg,0
38.jpg,16.jpg,0
38.jpg,17.jpg,0
38.jpg,18.jpg,0
38.jpg,19.jpg,0
38.jpg,23.jpg,0
38.jpg,24.jpg,0
38.jpg,25.jpg,0
38.jpg,26.jpg,0
38.jpg,27.jpg,0
38.jpg,28.jpg,0
38.jpg,33.jpg,0
38.jpg,34.jpg,0
38.jpg,35.jpg,0
38.jpg,41.jpg,0
38.jpg,42.jpg,0
39.jpg,39.jpg,1
39.jpg,38.jpg,1
39.jpg,29.jpg,1
39.jpg,30.jpg,1
39.jpg,31.jpg,1
39.jpg,32.jpg,1
39.jpg,37.jpg,1
39.jpg,40.jpg,1
39.jpg,20.jpg,1
39.jpg,21.jpg,1
39.jpg,22.jpg,1
39.jpg,1.jpg,0
39.jpg,2.jpg,0
39.jpg,3.jpg,0
39.jpg,4.jpg,0
39.jpg,5.jpg,0
39.jpg,6.jpg,0
39.jpg,7.jpg,0
39.jpg,8.jpg,0
39.jpg,9.jpg,0
39.jpg,10.jpg,0
39.jpg,11.jpg,0
39.jpg,12.jpg,0
39.jpg,13.jpg,0
39.jpg,14.jpg,0
39.jpg,15.jpg,0
39.jpg,16.jpg,0
39.jpg,17.jpg,0
39.jpg,18.jpg,0
39.jpg,19.jpg,0
39.jpg,24.jpg,0
39.jpg,25.jpg,0
39.jpg,28.jpg,0
39.jpg,33.jpg,0
39.jpg,34.jpg,0
39.jpg,35.jpg,0
39.jpg,36.jpg,0
39.jpg,41.jpg,0
39.jpg,42.jpg,0
39.jpg,23.jpg,0
39.jpg,26.jpg,0
39.jpg,27.jpg,0
40.jpg,40.jpg,1
40.jpg,30.jpg,1
40.jpg,31.jpg,1
40.jpg,32.jpg,1
40.jpg,21.jpg,1
40.jpg,22.jpg,1
40.jpg,29.jpg,1
40.jpg,39.jpg,1
40.jpg,41.jpg,1
40.jpg,42.jpg,1
40.jpg,20.jpg,1
40.jpg,23.jpg,1
40.jpg,26.jpg,1
40.jpg,27.jpg,1
40.jpg,37.jpg,1
40.jpg,38.jpg,1
40.jpg,1.jpg,0
40.jpg,2.jpg,0
40.jpg,3.jpg,0
40.jpg,4.jpg,0
40.jpg,5.jpg,0
40.jpg,6.jpg,0
40.jpg,7.jpg,0
40.jpg,8.jpg,0
40.jpg,9.jpg,0
40.jpg,10.jpg,0
40.jpg,11.jpg,0
40.jpg,12.jpg,0
40.jpg,13.jpg,0
40.jpg,14.jpg,0
40.jpg,15.jpg,0
40.jpg,16.jpg,0
40.jpg,17.jpg,0
40.jpg,18.jpg,0
40.jpg,19.jpg,0
40.jpg,24.jpg,0
40.jpg,25.jpg,0
40.jpg,28.jpg,0
40.jpg,33.jpg,0
40.jpg,34.jpg,0
40.jpg,35.jpg,0
40.jpg,36.jpg,0
41.jpg,41.jpg,1
41.jpg,42.jpg,1
41.jpg,31.jpg,1
41.jpg,32.jpg,1
41.jpg,40.jpg,1
41.jpg,1.jpg,0
41.jpg,2.jpg,0
41.jpg,3.jpg,0
41.jpg,4.jpg,0
41.jpg,5.jpg,0
41.jpg,6.jpg,0
41.jpg,7.jpg,0
41.jpg,8.jpg,0
41.jpg,9.jpg,0
41.jpg,10.jpg,0
41.jpg,11.jpg,0
41.jpg,12.jpg,0
41.jpg,13.jpg,0
41.jpg,14.jpg,0
41.jpg,15.jpg,0
41.jpg,16.jpg,0
41.jpg,17.jpg,0
41.jpg,18.jpg,0
41.jpg,19.jpg,0
41.jpg,20.jpg,0
41.jpg,21.jpg,0
41.jpg,22.jpg,0
41.jpg,23.jpg,0
41.jpg,24.jpg,0
41.jpg,25.jpg,0
41.jpg,26.jpg,0
41.jpg,27.jpg,0
41.jpg,28.jpg,0
41.jpg,29.jpg,0
41.jpg,30.jpg,0
41.jpg,33.jpg,0
41.jpg,34.jpg,0
41.jpg,35.jpg,0
41.jpg,36.jpg,0
41.jpg,37.jpg,0
41.jpg,38.jpg,0
41.jpg,39.jpg,0
42.jpg,42.jpg,1
42.jpg,41.jpg,1
42.jpg,31.jpg,1
42.jpg,32.jpg,1
42.jpg,40.jpg,1
42.jpg,1.jpg,0
42.jpg,2.jpg,0
42.jpg,3.jpg,0
42.jpg,4.jpg,0
42.jpg,5.jpg,0
42.jpg,6.jpg,0
42.jpg,7.jpg,0
42.jpg,8.jpg,0
42.jpg,9.jpg,0
42.jpg,10.jpg,0
42.jpg,11.jpg,0
42.jpg,12.jpg,0
42.jpg,13.jpg,0
42.jpg,14.jpg,0
42.jpg,15.jpg,0
42.jpg,16.jpg,0
42.jpg,17.jpg,0
42.jpg,18.jpg,0
42.jpg,19.jpg,0
42.jpg,20.jpg,0
42.jpg,21.jpg,0
42.jpg,22.jpg,0
42.jpg,23.jpg,0
42.jpg,24.jpg,0
42.jpg,25.jpg,0
42.jpg,26.jpg,0
42.jpg,27.jpg,0
42.jpg,28.jpg,0
42.jpg,29.jpg,0
42.jpg,30.jpg,0
42.jpg,33.jpg,0
42.jpg,34.jpg,0
42.jpg,35.jpg,0
42.jpg,36.jpg,0
42.jpg,37.jpg,0
42.jpg,38.jpg,0
42.jpg,39.jpg,0
